ano;codigo_emenda;parlamentar;modalidade;valor_reais;status;fonte;coletado_em
2020;202081000389;RELATOR GERAL;Emendas de relator;2560525.36;Empenhada;Portal CR2 - Prefeitura de Picos;2026-09-01
2021;202141620013;MARINA SANTOS;Emenda Individual;0;Empenhada;Portal CR2 - Prefeitura de Picos;2026-09-01
2023;202371190002;BANCADA DO PIAUI;Emenda de Bancada;1000000;Empenhada;Portal CR2 - Prefeitura de Picos;2026-09-01
2023;202339540012;DAVID MIRANDA;Emenda Individual;200000;Executada Parcialmente;Portal CR2 - Prefeitura de Picos;2026-09-01
2023;202371060018;BANCADA DA BAHIA;Emenda de Bancada;230619.28;Liberada / Transferida;Portal CR2 - Prefeitura de Picos;2026-09-01
2023;202360110002;COM. DESENV REGIONAL E TURISMO;Emenda de Comissao;1912356;Empenhada;Portal CR2 - Prefeitura de Picos;2026-09-01
2023;202350100004;COM. AGRICULTURA PEC ABAST D. RURAL;Emenda de Comissao;938603.61;Executada Parcialmente;Portal CR2 - Prefeitura de Picos;2026-09-01
2023;202337880001;ELMANO FERRER;Emenda Individual;4651308;Empenhada;Portal CR2 - Prefeitura de Picos;2026-09-01
2023;202337880006;ELMANO FERRER;Emenda Individual;248692;Empenhada;Portal CR2 - Prefeitura de Picos;2026-09-01
2023;202312460005;JULIO CESAR;Emenda Individual;0;Empenhada;Portal CR2 - Prefeitura de Picos;2026-09-01
2023;202342280001;ELIANE NOGUEIRA;Emenda Individual;282400;Concluida;Portal CR2 - Prefeitura de Picos;2026-09-01
2023;202327070001;IRACEMA PORTELLA;Emenda Individual;2000000;Empenhada;Portal CR2 - Prefeitura de Picos;2026-09-01
2023;202371190001;BANCADA DO PIAUI;Emenda de Bancada;3253661;Empenhada;Portal CR2 - Prefeitura de Picos;2026-09-01
2023;202342280002;ELIANE NOGUEIRA;Emenda Individual;1000000;Empenhada;Portal CR2 - Prefeitura de Picos;2026-09-01
2024;202460060003;COM. ASSUNTOS SOCIAIS;Emenda de Comissao;7000000;Empenhada;Portal CR2 - Prefeitura de Picos;2026-09-01
2024;202429000001;CIRO NOGUEIRA;Emenda Individual;321800;Concluida;Portal CR2 - Prefeitura de Picos;2026-09-01
2024;202460110001;COM. DESENV REGIONAL E TURISMO;Emenda de Comissao;1000000;Empenhada;Portal CR2 - Prefeitura de Picos;2026-09-01
2024;202450410004;COM. DA SAUDE;Emenda de Comissao;2000000;Empenhada;Portal CR2 - Prefeitura de Picos;2026-09-01
2024;202443660020;DUDA SALABERT;Emenda Individual;300000;Executada Parcialmente;Portal CR2 - Prefeitura de Picos;2026-09-01
2024;202443970009;JACK ROCHA;Emenda Individual;100000;Executada Parcialmente;Portal CR2 - Prefeitura de Picos;2026-09-01
2024;202450410002;COM. DA SAUDE;Emenda de Comissao;6200070;Empenhada;Portal CR2 - Prefeitura de Picos;2026-09-01
2024;202471190008;BANCADA DO PIAUI;Emenda de Bancada;500000;Empenhada;Portal CR2 - Prefeitura de Picos;2026-09-01
2024;202443680020;ERIKA HILTON;Emenda Individual;400000;Executada Parcialmente;Portal CR2 - Prefeitura de Picos;2026-09-01
2024;202471190011;BANCADA DO PIAUI;Emenda de Bancada;700000;Concluida;Portal CR2 - Prefeitura de Picos;2026-09-01
2024;202450410005;COM. DA SAUDE;Emenda de Comissao;700000;Concluida;Portal CR2 - Prefeitura de Picos;2026-09-01
2024;202429000002;CIRO NOGUEIRA;Emenda Individual;1000000;Empenhada;Portal CR2 - Prefeitura de Picos;2026-09-01
2025;202571060001;BANCADA DA BAHIA;Emenda de Bancada;1734;Empenhada;Portal CR2 - Prefeitura de Picos;2026-09-01
2025;202560110001;COM. DESENV REGIONAL E TURISMO;Emenda de Comissao;1814500;Empenhada;Portal CR2 - Prefeitura de Picos;2026-09-01
2025;202550480002;COM. DE INTEGRACAO NACIONAL E DES. REGIONAL;Emenda de Comissao;1422980;Liberada / Transferida;Portal CR2 - Prefeitura de Picos;2026-09-01
2025;202530520010;BALEIA ROSSI;Emenda Individual;34000;Empenhada;Portal CR2 - Prefeitura de Picos;2026-09-01
2025;202541830009;MARCELO CASTRO;Emenda Individual;299573.10;Empenhada;Portal CR2 - Prefeitura de Picos;2026-09-01
2025;202513390012;DANIEL ALMEIDA;Emenda Individual;7150;Concluida;Portal CR2 - Prefeitura de Picos;2026-09-01
2025;202538220005;MERLONG SOLANO;Emenda Individual;600;Concluida;Portal CR2 - Prefeitura de Picos;2026-09-01
2025;202543680008;ERIKA HILTON;Emenda Individual;200000;Executada Parcialmente;Portal CR2 - Prefeitura de Picos;2026-09-01
2025;202543370002;DANIEL BARBOSA;Emenda Individual;3200;Concluida;Portal CR2 - Prefeitura de Picos;2026-09-01
2025;202571190006;BANCADA DO PIAUI;Emenda de Bancada;2209055;Concluida;Portal CR2 - Prefeitura de Picos;2026-09-01
2025;202540800006;JAQUES WAGNER;Emenda Individual;48012;Liberada / Transferida;Portal CR2 - Prefeitura de Picos;2026-09-01
2025;202539420023;CHRIS TONIETTO;Emenda Individual;1465.20;Concluida;Portal CR2 - Prefeitura de Picos;2026-09-01
2025;202543980007;JADYEL ALENCAR;Emenda Individual;990000;Concluida;Portal CR2 - Prefeitura de Picos;2026-09-01
2025;202550410002;COM. DA SAUDE;Emenda de Comissao;19372010;Concluida;Portal CR2 - Prefeitura de Picos;2026-09-01
2025;202560060003;COM. ASSUNTOS SOCIAIS;Emenda de Comissao;680000;Concluida;Portal CR2 - Prefeitura de Picos;2026-09-01
2025;202560060004;COM. ASSUNTOS SOCIAIS;Emenda de Comissao;2841269;Concluida;Portal CR2 - Prefeitura de Picos;2026-09-01
2025;202550410001;COM. DA SAUDE;Emenda de Comissao;6735167;Concluida;Portal CR2 - Prefeitura de Picos;2026-09-01
2025;202571190001;BANCADA DO PIAUI;Emenda de Bancada;11639350;Concluida;Portal CR2 - Prefeitura de Picos;2026-09-01
2025;202543210002;CASTRO NETO;Emenda Individual;792000;Concluida;Portal CR2 - Prefeitura de Picos;2026-09-01
2025;202543970007;JACK ROCHA;Emenda Individual;100000;Executada Parcialmente;Portal CR2 - Prefeitura de Picos;2026-09-01
2025;202543980004;JADYEL ALENCAR;Emenda Individual;500000;Concluida;Portal CR2 - Prefeitura de Picos;2026-09-01
2025;202543660020;DUDA SALABERT;Emenda Individual;250000;Executada Parcialmente;Portal CR2 - Prefeitura de Picos;2026-09-01
2025;202544960006;JUSSARA LIMA;Emenda Individual;1000000;Concluida;Portal CR2 - Prefeitura de Picos;2026-09-01
2025;202544030004;JULIO ARCOVERDE;Emenda Individual;450000;Concluida;Portal CR2 - Prefeitura de Picos;2026-09-01
2025;202543760006;FLORENTINO NETO;Emenda Individual;1800000;Concluida;Portal CR2 - Prefeitura de Picos;2026-09-01
2025;202543210001;CASTRO NETO;Emenda Individual;450511;Concluida;Portal CR2 - Prefeitura de Picos;2026-09-01
2025;202538220008;MERLONG SOLANO;Emenda Individual;3000000;Concluida;Portal CR2 - Prefeitura de Picos;2026-09-01
2025;202543760004;FLORENTINO NETO;Emenda Individual;5000000;Concluida;Portal CR2 - Prefeitura de Picos;2026-09-01
2026;202643660009;DUDA SALABERT;Emenda Individual;200000;Empenhada;Portal CR2 - Prefeitura de Picos;2026-09-01
2026;202640800005;JAQUES WAGNER;Emenda Individual;31790;Empenhada;Portal CR2 - Prefeitura de Picos;2026-09-01
2026;202643610001;DR. FRANCISCO;Emenda Individual;300000;Empenhada;Portal CR2 - Prefeitura de Picos;2026-09-01
2026;202641830005;MARCELO CASTRO;Emenda Individual;400000;Empenhada;Portal CR2 - Prefeitura de Picos;2026-09-01
2026;202643980004;JADYEL ALENCAR;Emenda Individual;4000000;Empenhada;Portal CR2 - Prefeitura de Picos;2026-09-01
2026;202643760001;FLORENTINO NETO;Emenda Individual;2600000;Empenhada;Portal CR2 - Prefeitura de Picos;2026-09-01
